{"cameraMode":{"drawMode":0,"name":"Shaded","section":"Shading Mode"},"sceneLighting":false,"audioPlay":false,"sceneViewState":{"m_AlwaysRefresh":false,"showFog":true,"showSkybox":true,"showFlares":true,"showImageEffects":true,"showParticleSystems":true,"showVisualEffectGraphs":true,"m_FxEnabled":true},"in2DMode":false,"pivot":{"x":27.614038467407228,"y":1.524344563484192,"z":58.088932037353519},"rotation":{"x":-0.018699444830417634,"y":0.9810986518859863,"z":0.1458711475133896,"w":0.125770702958107},"size":0.24786017835140229,"orthographic":false}