{"cameraMode":{"drawMode":0,"name":"Shaded","section":"Shading Mode"},"sceneLighting":false,"audioPlay":false,"sceneViewState":{"m_AlwaysRefresh":false,"showFog":true,"showSkybox":true,"showFlares":true,"showImageEffects":true,"showParticleSystems":true,"showVisualEffectGraphs":true,"m_FxEnabled":true},"in2DMode":false,"pivot":{"x":27.448484420776368,"y":0.5226315259933472,"z":54.825347900390628},"rotation":{"x":-0.032506439834833148,"y":-0.9663300514221191,"z":0.20981651544570924,"w":-0.14683328568935395},"size":1.336862325668335,"orthographic":false}