{"cameraMode":{"drawMode":0,"name":"Shaded","section":"Shading Mode"},"sceneLighting":false,"audioPlay":false,"sceneViewState":{"m_AlwaysRefresh":false,"showFog":true,"showSkybox":true,"showFlares":true,"showImageEffects":true,"showParticleSystems":true,"showVisualEffectGraphs":true,"m_FxEnabled":true},"in2DMode":false,"pivot":{"x":25.704967498779298,"y":-0.04129895195364952,"z":59.742286682128909},"rotation":{"x":0.11629915982484818,"y":-0.6470620632171631,"z":0.10077422857284546,"w":0.7467467784881592},"size":2.9481592178344728,"orthographic":false}