{"cameraMode":{"drawMode":0,"name":"Shaded","section":"Shading Mode"},"sceneLighting":false,"audioPlay":false,"sceneViewState":{"m_AlwaysRefresh":false,"showFog":true,"showSkybox":true,"showFlares":true,"showImageEffects":true,"showParticleSystems":true,"showVisualEffectGraphs":true,"m_FxEnabled":true},"in2DMode":false,"pivot":{"x":792.9261474609375,"y":281.27227783203127,"z":7.95245361328125},"rotation":{"x":-0.01050171535462141,"y":-0.024606812745332719,"z":0.00006982556078583002,"w":-0.9997873902320862},"size":636.3204956054688,"orthographic":false}