{"cameraMode":{"drawMode":0,"name":"Shaded","section":"Shading Mode"},"sceneLighting":false,"audioPlay":false,"sceneViewState":{"m_AlwaysRefresh":false,"showFog":true,"showSkybox":true,"showFlares":true,"showImageEffects":true,"showParticleSystems":true,"showVisualEffectGraphs":true,"m_FxEnabled":true},"in2DMode":false,"pivot":{"x":29.513578414916993,"y":1.4770729541778565,"z":60.44344711303711},"rotation":{"x":-0.020629752427339555,"y":0.8009636998176575,"z":-0.02764422632753849,"w":-0.597726047039032},"size":0.7005341649055481,"orthographic":false}