{"cameraMode":{"drawMode":0,"name":"Shaded","section":"Shading Mode"},"sceneLighting":false,"audioPlay":false,"sceneViewState":{"m_AlwaysRefresh":false,"showFog":true,"showSkybox":true,"showFlares":true,"showImageEffects":true,"showParticleSystems":true,"showVisualEffectGraphs":true,"m_FxEnabled":true},"in2DMode":false,"pivot":{"x":32.12388610839844,"y":-23.38553237915039,"z":24.024559020996095},"rotation":{"x":-0.019337734207510949,"y":-0.952059268951416,"z":0.29953375458717348,"w":-0.06213238090276718},"size":28.035829544067384,"orthographic":false}