{"cameraMode":{"drawMode":0,"name":"Shaded","section":"Shading Mode"},"sceneLighting":false,"audioPlay":false,"sceneViewState":{"m_AlwaysRefresh":false,"showFog":true,"showSkybox":false,"showFlares":true,"showImageEffects":true,"showParticleSystems":true,"showVisualEffectGraphs":true,"m_FxEnabled":true},"in2DMode":false,"pivot":{"x":-0.075323686003685,"y":0.9116165041923523,"z":0.8237144947052002},"rotation":{"x":-0.11375568062067032,"y":-0.0071580372750759129,"z":0.0013496113242581487,"w":-0.9935716390609741},"size":1.4354443550109864,"orthographic":false}